specialty,paper_count,summary,date_generated,pmid_list,status
DAILY_SUMMARY,209,"Daily Medical Research Digest: Noteworthy Findings and Emerging Trends Across Specialties

The past 48 hours have seen a flurry of impactful medical research publications spanning diverse specialties. Several key themes emerge, including advancements in cancer care, cardiovascular disease management, and the growing influence of artificial intelligence (AI) in clinical practice.

In oncology, a study by Kaddoura et al. (2026.0) uncovered genomic mechanisms underlying resistance to the targeted therapy venetoclax in multiple myeloma with the t(11;14) chromosomal translocation. This finding could inform the development of more effective treatment strategies for this challenging subtype of myeloma. Additionally, the PREOPANC-2 trial (Sherry et al., 2026.0) demonstrated promising results for a novel neoadjuvant approach in resectable and borderline resectable pancreatic cancer, while Montagna et al. (2026.0) reported on the oncological outcomes of omitting axillary lymph node dissection in patients with residual micrometastases after neoadjuvant chemotherapy for breast cancer.

Cardiovascular research also yielded notable advancements. Bains et al. (2026.0) reviewed the emerging field of gene therapy for cardiac arrhythmias, highlighting the potential to address unmet needs through targeted genetic interventions. Egbe et al. (2026.0) explored the relationship between left atrial stiffness, pulmonary congestion, and impaired aerobic capacity in adults with repaired coarctation of the aorta, providing insights into the long-term cardiovascular sequelae of this condition. Furthermore, Harrington et al. (2026.0) investigated the impact of Medicare coverage gaps on adherence to oral anticoagulation and stroke rates in patients with atrial fibrillation.

The growing influence of AI in medical practice was evident in several studies. Teng et al. (2026.0) shared lessons learned from the successful implementation of autonomous AI systems for diabetic retinopathy screening, highlighting the potential for these technologies to enhance care delivery. Similarly, Alves et al. (2026.0) reported on the international, confirmatory PANORAMA study, which evaluated the performance of AI in detecting pancreatic cancer using standard-of-care CT scans, with the goal of improving early diagnosis.

Across other specialties, noteworthy findings included the characterization of a novel syndrome involving lipodystrophy, lipomatosis, and hypoglycemia associated with a recurrent ACAA2 variant (Simha et al., 2026.0), as well as the identification of elevated non-clonal bone marrow plasma cell fraction as a marker of improved outcomes in multiple myeloma (Zanwar et al., 2026.0).

These studies, among the many others summarized, demonstrate the breadth and depth of recent medical research, with significant implications for patient care, disease management, and the continued evolution of healthcare. As the field progresses, interdisciplinary collaboration and the thoughtful integration of emerging technologies will be crucial to driving further advancements and improving patient outcomes.",2026-01-06 02:32:46,41478859|40961344|40998187|40993340|40988507|40984676|40983145|40972845|40972771|40970720|40962104|40928094|41006073|40921325|40915405|40912642|40912385|40910475|40907858|40903380|40902666|40891958|40999231|41016086|40876530|41066877|41100569|41097847|41090431|41086401|41085620|41074685|41072590|41067606|41067597|41056330|41016463|41056011|41051081|41049394|41042466|41039797|41036703|41033494|41028626|41022168|40886976|40865784|41108621|40396744|40586816|40562277|40562271|40521688|40504671|40490069|40488526|40410593|40403946|40354913|40626591|40349894|40341275|40339783|40279663|40112296|39846202|39828914|39724652|39588834|40609815|40631753|40852760|40761084|40850609|40849038|40829057|40828676|40816607|40812667|40799153|40796057|40780592|40758582|40633589|40749856|40738195|40716967|40715769|40712932|40692167|40685282|40680296|40633624|41106048|41110629|41479129|41363869|41400861|41394113|41392688|41389817|41389331|41384706|41377199|41377035|41368002|41362910|41411164|41362825|41362816|41358582|41344792|41344348|41341795|41321428|41316838|41297375|41400864|41417597|41292096|41462575|41476411|41476321|41475369|41474429|41474054|41469115|41468237|41468029|41467668|41460511|41417709|41460132|41449158|41449148|41449147|41446701|41439256|41433119|41429670|41421561|41295906|41289787|41114552|41135485|41176274|41167303|41165905|41162749|41150863|41144738|41140908|41139188|41138684|41134013|41178536|41128719|41128671|41128633|41128540|41127468|41127144|41127141|41125988|41117176|41177002|41178675|41275871|41236415|41275369|41268677|41265965|41264976|41263784|41260764|41252658|41241301|41236452|41233065|41184714|41221958|41215723|41213408|41211504|41202582|41193370|41189469|41187859|41187394|39491820|41364602|41289513|38349134|38230923|41481388|41481368|41481305|41481278|41481218|41481216|41479349|41290367|41206919|41186989|41484090|41484013|41483344|41386261,success
